{
  "version": 1,
  "author": "Maria Edivânia",
  "editor": "wokwi",
  "parts": [
    { "type": "wokwi-arduino-nano", "id": "nano", "top": 273.6, "left": 18.7, "attrs": {} },
    {
      "type": "wokwi-lcd1602",
      "id": "lcd1",
      "top": -320,
      "left": -71.2,
      "attrs": { "pins": "i2c" }
    },
    {
      "type": "wokwi-pushbutton",
      "id": "btn1",
      "top": -128.2,
      "left": -67.2,
      "rotate": 270,
      "attrs": { "color": "black" }
    },
    {
      "type": "wokwi-pushbutton",
      "id": "btn2",
      "top": -125.4,
      "left": 51,
      "rotate": 90,
      "attrs": { "color": "green" }
    },
    {
      "type": "wokwi-pushbutton",
      "id": "btn3",
      "top": -125.4,
      "left": 166.2,
      "rotate": 90,
      "attrs": { "color": "black", "bounce": "1" }
    },
    {
      "type": "wokwi-pushbutton",
      "id": "btn4",
      "top": 76.2,
      "left": 175.8,
      "rotate": 90,
      "attrs": { "color": "red" }
    },
    {
      "type": "wokwi-resistor",
      "id": "r1",
      "top": 139.2,
      "left": 9.05,
      "rotate": 90,
      "attrs": { "value": "220" }
    },
    {
      "type": "wokwi-buzzer",
      "id": "bz1",
      "top": 50.4,
      "left": -65.4,
      "attrs": { "volume": "0.1" }
    },
    {
      "type": "wokwi-led",
      "id": "led1",
      "top": 63.6,
      "left": 13.4,
      "attrs": { "color": "green" }
    }
  ],
  "connections": [
    [ "lcd1:GND", "nano:GND.1", "black", [ "h-153.6", "v643.2", "h384" ] ],
    [ "bz1:1", "nano:GND.1", "black", [ "v220.8", "h9.6" ] ],
    [ "led1:C", "nano:GND.1", "black", [ "v76.8", "h-66.8", "v172.8", "h201.6" ] ],
    [ "bz1:2", "nano:3", "green", [ "v57.6", "h153.2", "v9.6" ] ],
    [ "btn1:1.l", "nano:GND.1", "black", [ "v31.8", "h-175.6", "v393.6", "h384" ] ],
    [ "btn2:2.r", "nano:GND.1", "black", [ "v29", "h-297.8", "v393.6", "h384" ] ],
    [ "btn3:2.r", "nano:GND.1", "black", [ "v29", "h-413", "v393.6", "h384" ] ],
    [ "btn4:1.r", "nano:GND.1", "black", [ "v221", "h-57.6" ] ],
    [ "btn1:2.l", "nano:7", "orange", [ "v51", "h-175.4", "v278.4", "h288" ] ],
    [ "btn2:1.r", "nano:6", "orange", [ "v67.4", "h-278.4", "v240", "h278.4" ] ],
    [ "btn3:1.r", "nano:5", "orange", [ "v86.6", "h-374.4", "v201.6", "h268.8" ] ],
    [ "nano:RESET", "btn4:2.r", "blue", [ "v38.4", "h48" ] ],
    [ "lcd1:VCC", "nano:5V", "red", [ "h-172.8", "v652.9", "h384" ] ],
    [ "lcd1:SDA", "nano:A4", "white", [ "h-192", "v662.6", "h105.6" ] ],
    [ "lcd1:SCL", "nano:A5", "#8f4814", [ "h-211.2", "v672.3", "h393.6" ] ],
    [ "led1:A", "r1:1", "green", [ "v0" ] ],
    [ "r1:2", "nano:3", "green", [ "h0", "v18", "h86.4" ] ]
  ],
  "dependencies": {}
}